0,1,2,3,4,5
1,1,PLAFONY DESIGNERSKIE,Lampy sufitowe,0,PLAFONY DESIGNERSKIE
2,1,PLAFONY INDUSTRIALNE,Lampy sufitowe,0,PLAFONY INDUSTRIALNE
3,1,PLAFONY NOWOCZESNE,Lampy sufitowe,0,PLAFONY NOWOCZESNE
4,1,SPOTY SUFITOWE,Lampy sufitowe,0,SPOTY SUFITOWE
5,1,LAMPY I WENTYLATORY,Lampy sufitowe,0,LAMPY I WENTYLATORY
6,1,LAMPY LINIOWE LED,Lampy sufitowe,0,LAMPY LINIOWE LED
7,1,LAMPY SZYNOWE,Lampy sufitowe,0,LAMPY SZYNOWE
8,1,LAMPY WISZĄCE DESIGNERSKIE,Lampy wiszące,0,LAMPY WISZĄCE DESIGNERSKIE
9,1,LAMPY WISZĄCE KRYSZTAŁOWE,Lampy wiszące,0,LAMPY WISZĄCE KRYSZTAŁOWE
10,1,LAMPY WISZĄCE NOWOCZESNE,Lampy wiszące,0,LAMPY WISZĄCE NOWOCZESNE
11,1,LAMPY WISZĄCE RINGI LED,Lampy wiszące,0,LAMPY WISZĄCE RINGI LED
12,1,LAMPY WISZĄCE STYLOWE,Lampy wiszące,0,LAMPY WISZĄCE STYLOWE
13,1,LAMPY WISZĄCE LOFTOWE,Lampy wiszące,0,LAMPY WISZĄCE LOFTOWE
14,1,LAMPY WISZĄCE SKANDYNAWSKIE,Lampy wiszące,0,LAMPY WISZĄCE SKANDYNAWSKIE
