0;1;2
0;Strona główna;Lampy stołowe
0;Strona główna;Lampy wiszące
0;Strona główna;Lampy sufitowe
0;Lampy stołowe;LAMPY BIURKOWE LED
0;Lampy stołowe;LAMPY STOŁOWE BANKIERSKIE
0;Lampy stołowe;LAMPY STOŁOWE DREWNIANE
0;Lampy stołowe;LAMPY STOŁOWE KLASYCZNE
0;Lampy stołowe;LAMPY STOŁOWE LOFTOWE
0;Lampy stołowe;LAMPY STOŁOWE TIFFANY
0;Lampy stołowe;LAMPY Z KLIPSEM NA BIURKO
0;Lampy wiszące;LAMPY WISZĄCE DESIGNERSKIE
0;Lampy wiszące;LAMPY WISZĄCE KRYSZTAŁOWE
0;Lampy wiszące;LAMPY WISZĄCE NOWOCZESNE
0;Lampy wiszące;LAMPY WISZĄCE RINGI LED
0;Lampy wiszące;LAMPY WISZĄCE STYLOWE
0;Lampy wiszące;LAMPY WISZĄCE LOFTOWE
0;Lampy wiszące;LAMPY WISZĄCE SKANDYNAWSKIE
0;Lampy sufitowe;PLAFONY DESIGNERSKIE
0;Lampy sufitowe;PLAFONY INDUSTRIALNE
0;Lampy sufitowe;PLAFONY NOWOCZESNE
0;Lampy sufitowe;SPOTY SUFITOWE
0;Lampy sufitowe;LAMPY I WENTYLATORY
0;Lampy sufitowe;LAMPY LINIOWE LED
0;Lampy sufitowe;LAMPY SZYNOWE
